,UnixTimestamp_x,EUR,GBP,CHF,AUD,CAD,JPY,CNY,RAI
2021-11-18,1637193600,1.1368868627038582,1.3499102309696405,1.0802612503807922,0.7276849938983614,0.7934398394077765,0.008750053003446069,0.15659011863110797,3.0277200883820576
2021-11-19,1637280000,1.1280264950863166,1.3446806450701991,1.0768319603725838,0.723788016965591,0.7908827041861421,0.008770157329606367,0.15656302820451642,3.0277558090510484
2021-11-20,1637366400,1.1280264950863166,1.3444998527772662,1.0770047635920694,0.723788016965591,0.7908827041861421,0.008770157329606367,0.15656302820451642,3.027810518237692
2021-11-21,1637452800,1.1275202897276138,1.3433818294173752,1.0760035077714354,0.7231348183629963,0.790242090664475,0.008761055356728272,0.15656302820451642,3.027900467202292
2021-11-22,1637539200,1.1241639030970714,1.3397462520598598,1.0721733489870642,0.7226869500803988,0.7872125198279153,0.008709662537070175,0.15660723578675795,3.028003376741345
2021-11-23,1637625600,1.1243522325700106,1.337497408598771,1.0712200660942781,0.7221202026846985,0.7888083866107665,0.008682810071309487,0.15644798002972826,3.0280772455130074
2021-11-24,1637712000,1.120272450259903,1.3329849799252462,1.0705320008778363,0.7202032125384498,0.7898582204494294,0.008663931711791297,0.15642600369572077,3.028133595122584
2021-11-25,1637798400,1.1209380009191692,1.331315059702824,1.0690602212313223,0.7174851857246278,0.789646159555903,0.00869228893835999,0.15656712181250867,3.0282010185441557
2021-11-26,1637884800,1.1318567884242743,1.3342495180023617,1.0831818684020684,0.7122999238551382,0.7815247547966082,0.008821061590063392,0.156420082398971,3.0282563332553187
2021-11-27,1637971200,1.1318567884242743,1.3342495180023617,1.0831818684020684,0.7122999238551382,0.7815247547966082,0.008821061590063392,0.156420082398971,3.0284264611410565
2021-11-29,1638144000,1.1292417141889222,1.3316997816012357,1.0834177496329922,0.7144000182886405,0.7850618432467018,0.008788197240189692,0.15654297997095187,3.028692014260224
2021-11-30,1638230400,1.1331380558750375,1.3296846785753227,1.087618550421996,0.7125999065068922,0.7826593983697204,0.008828228599952326,0.15712654516280433,3.0289653460725043
2021-12-02,1638403200,1.1306142061675004,1.3302294645826405,1.0871396811419316,0.7086649885479738,0.7800938764970976,0.00884838452389232,0.15681116344945042,3.02926036046231
2021-12-03,1638489600,1.1313445804069222,1.3232501670603338,1.0898564876977002,0.6998150388852227,0.7787919379458583,0.008864108466053266,0.15682820599196665,3.0294544538194925
2021-12-04,1638576000,1.1313445804069222,1.3232501670603338,1.0898612388670676,0.7002001872335301,0.7787919379458583,0.008864852137812282,0.15682820599196665,3.0296917015403526
2021-12-05,1638662400,1.1303905499350024,1.323539143670174,1.0885894058479022,0.7017297638679344,0.7800585823995382,0.008845213191750955,0.1568283043723731,3.0300096239505514
2021-12-06,1638748800,1.1283943512578776,1.3262001448210559,1.0803546155990242,0.704885064965732,0.7835486133148417,0.008812914437766772,0.15683071473088947,3.03038271749882
2021-12-07,1638835200,1.1272940433782748,1.3246963133701597,1.0816482155508564,0.7121999857560002,0.7908576851595555,0.008809059158919311,0.15705246447512516,3.0307791746629973
2021-12-08,1638921600,1.1344363836436964,1.3207422571485172,1.0866305325793566,0.7167950088129946,0.7902327235370817,0.00879615660029814,0.15761191470421446,3.0311576529267605
2021-12-09,1639008000,1.1292991005132664,1.3223402778236923,1.0824385174922062,0.7145766490642619,0.7868284910596612,0.008814223561921524,0.15679879578524836,3.0315041745514946
2021-12-10,1639094400,1.1316761821772319,1.3271752402187185,1.085867113754353,0.7172001081537762,0.7858947608325769,0.008819505642014148,0.15698823718536417,3.031815768570613
2021-12-11,1639180800,1.1316761821772319,1.3272492228955801,1.0860711376595167,0.7172001081537762,0.7857002553525829,0.008818727873811764,0.15698823718536417,3.0321095974882355
2021-12-12,1639267200,1.1311449449132411,1.3256358080744477,1.0855170317622282,0.7165736315235073,0.7860862729684583,0.008810223538453956,0.15698200217043318,3.0324376670754947
2021-12-13,1639353600,1.1283179600011284,1.3212657726101604,1.0838945197209189,0.7129997682750753,0.7806553601748668,0.008804291620254843,0.15705937111228976,3.0327694942515726
2021-12-15,1639526400,1.1290823383295228,1.326303922543851,1.081560475453985,0.7166814780838805,0.7790315858356478,0.008760712040187349,0.15704501585447958,3.033497730053875
2021-12-16,1639612800,1.13347199474069,1.3322941439010907,1.0879001568752027,0.7174496673185893,0.7824450625760438,0.008797939234058976,0.15702787684492053,3.0338879802138514
2021-12-17,1639699200,1.1238101659867614,1.3237003248360597,1.0817266087438127,0.7155204982312333,0.7757470444037609,0.008794271517065041,0.15685280493596956,3.0342590724563583
2021-12-18,1639785600,1.1238101659867614,1.3246506896131491,1.081936103017628,0.7124998842187688,0.775506405682911,0.008793911517772847,0.15685280493596956,3.034597947513882
2021-12-19,1639872000,1.1242460524910483,1.3228388120907468,1.0830012129613584,0.7116374065086357,0.7752238458854993,0.008808050635791959,0.1568528541415898,3.034921881621986
2021-12-20,1639958400,1.1277796950032593,1.320986512727705,1.0849281777546325,0.7110453789160824,0.7729737459467189,0.008797317261619995,0.1568454982440362,3.035271433134361
2021-12-21,1640044800,1.1286363251601252,1.32687587076229,1.083147844265003,0.7147554106984589,0.7738590415755771,0.008772391067649645,0.15693418400030884,3.0356240640004577
2021-12-22,1640131200,1.1327606850483518,1.3352650167241944,1.0875594079326583,0.721199961343682,0.7782252573007257,0.008762783400354461,0.15698350542911754,3.0359767433420077
2021-12-23,1640217600,1.132509244106705,1.3405724244252293,1.0883725891186686,0.7233048086026981,0.7796997376310383,0.008736450104425477,0.15697847825063183,3.0363216109370534
2021-12-24,1640304000,1.1340388567073862,1.3384999431137523,1.0864404625194337,0.7215590293010691,0.7804878048780488,0.008740761801444435,0.15704494186510343,3.036648173458965
2021-12-25,1640390400,1.1340388567073862,1.3387508116176796,1.0864404625194337,0.7215590293010691,0.7804878048780488,0.008740761801444435,0.15704494186510343,3.036977798220491
2021-12-26,1640476800,1.132361766937301,1.3403550064270024,1.0883181023214914,0.7230292031495152,0.7802740478510862,0.00874581956384213,0.15704504051762044,3.0372631291975427
2021-12-29,1640736000,1.135957015386538,1.3495914112002592,1.094169716664752,0.7258000130644002,0.7822828578357363,0.008699284238551564,0.15702772889853528,3.0378579407379838
2021-12-30,1640822400,1.1323758717878742,1.3497735754827127,1.0940739484581763,0.7251132082996458,0.7846060296973383,0.008690590169635453,0.15690938718254288,3.0381920523166563
2021-12-31,1640908800,1.1371454238425283,1.3519926343441282,1.0968472223440942,0.7268498328245385,0.7911924456945286,0.008687490465479213,0.1573340314768757,3.0385446127693636
2022-01-01,1640995200,1.1371454238425283,1.3531506760340777,1.0968472223440942,0.7268498328245385,0.7911924456945286,0.008687490465479213,0.1573340314768757,3.0388897973632827
2022-01-02,1641081600,1.1372876826057536,1.3521736190926914,1.0963950530655204,0.7266496582203332,0.7901172138886804,0.00868504154537391,0.15733405623087704,3.039184292170106
2022-01-03,1641168000,1.1299818072929027,1.3482085678654487,1.0886960687184957,0.7196823034439677,0.7842368395255367,0.008670096348699901,0.15732922934794272,3.0393927683866604
2022-01-04,1641254400,1.1283434226041038,1.3530792701490417,1.0914290080001745,0.7240579101516539,0.7871350645057186,0.008608596210161934,0.15734891003623272,3.039464071323814
2022-01-05,1641340800,1.1313458603489297,1.355656476648817,1.090001417001842,0.7221499269906424,0.7837297699753125,0.00861152120610348,0.15733130858427938,3.0394223692448046
2022-01-06,1641427200,1.1296920346544328,1.3533905817549416,1.0853579781951583,0.7163416147199605,0.7857002553525829,0.008631069483501353,0.15666616899046984,3.039326941948523
2022-01-07,1641513600,1.1361699710276656,1.3594991605092686,1.088269542600311,0.7180549900872509,0.7911298520982741,0.008649244090663453,0.15679623889725833,3.039212810010343
2022-01-08,1641600000,1.1361699710276656,1.3588507383994912,1.0886107367499744,0.7178998271297217,0.7907857642746716,0.008651414108241648,0.15679623889725833,3.039080763157311
2022-01-09,1641686400,1.1353250719512264,1.3590834341320213,1.0882103292924454,0.7178498387350337,0.7906607156270138,0.008648461954066704,0.15679636182265735,3.0389114779841466
2022-01-11,1641859200,1.1366193757231742,1.3632707592054858,1.0827666854346225,0.7208999715244512,0.7950863662565346,0.008670921499407654,0.15688681338093907,3.038560807528257
2022-01-12,1641945600,1.1440273193723867,1.3704994511149697,1.0938645139413032,0.7281862700478783,0.7997696663360951,0.008720069353850796,0.1572674466607796,3.038306708584598
2022-01-13,1642032000,1.1456013490601487,1.3711007608238122,1.0974563157513515,0.7279652207336142,0.7993285640062348,0.008762858728433838,0.1572425691485991,3.0379197442563126
2022-01-14,1642118400,1.1416111558242148,1.3675494198171587,1.0938357977453856,0.7206999437854044,0.7965239693975491,0.00875388147104426,0.1574157621032257,3.0374256583164416
2022-01-15,1642204800,1.1416111558242148,1.3675494198171587,1.0938357977453856,0.7206999437854044,0.7965239693975491,0.00875388147104426,0.1574157621032257,3.0369366922809387
2022-01-16,1642291200,1.1410184730890793,1.3672951210808195,1.093389693927423,0.7216126599725066,0.7972447222399387,0.008748146377134515,0.15741578688295174,3.036487996523639
2022-01-17,1642377600,1.1410249827419972,1.3647498754665741,1.0941098595709997,0.721064753056954,0.798961350244682,0.008728134876566498,0.1575249428932701,3.0360439991485735
2022-01-18,1642464000,1.1330225074921114,1.360050158649851,1.0903044675225557,0.7187599952561841,0.8002272645431303,0.008728707409363285,0.15739849253167762,3.035593866797626
2022-01-19,1642550400,1.1343077036507694,1.3607849007307415,1.091940279602228,0.721500200937806,0.7992678706305025,0.008744929394795532,0.15760575424912993,3.0351615341571816
2022-01-20,1642636800,1.1313548200240753,1.3597098922973796,1.0903936321011884,0.7215647564682869,0.7999520028798272,0.00877277639748376,0.15770415552026837,3.0347554086126958
2022-01-21,1642723200,1.1344749933349594,1.3555002812663086,1.096840003948624,0.7183696457216419,0.794909400201112,0.008797511754003555,0.15775846673915142,3.0343699766187515
2022-01-22,1642809600,1.1344749933349594,1.3555002812663086,1.096840003948624,0.7183696457216419,0.794909400201112,0.008797511754003555,0.15775846673915142,3.0339802013561834
2022-01-24,1642982400,1.1324387067549968,1.348735897280274,1.0939123776185526,0.7153648933247871,0.7920196104055537,0.008771081953305917,0.15795547487891923,3.0332893057222923
2022-01-25,1643068800,1.1303292196885264,1.3509898702779528,1.0893625921600754,0.715845234260353,0.7925594518658831,0.008781149492334965,0.15802733841349084,3.0328782860843018
2022-01-26,1643155200,1.1241639030970714,1.3467106592148677,1.082167928654833,0.7121000756962381,0.7899549330710683,0.008716725730037983,0.15820028820928506,3.0323742131314084
2022-01-27,1643241600,1.1144606846131986,1.3386970461649677,1.073808207116127,0.7035000534660041,0.7845721727941753,0.00866896856100592,0.1570352991797261,3.031819041223915
2022-01-28,1643328000,1.114789917839983,1.3399724501664247,1.0738116663194677,0.6988296001856091,0.7829811223251408,0.00867942240874108,0.15720047336206538,3.031247419712267
2022-01-29,1643414400,1.114789917839983,1.3405005429027197,1.074479710062395,0.6988296001856091,0.7829811223251408,0.00867942240874108,0.15720047336206538,3.030611483397311
2022-01-30,1643500800,1.11495771522865,1.3397911265633689,1.0736064588164562,0.6993486266891018,0.7833429945635996,0.008674644598509602,0.1572082580240274,3.0298589541920635
2022-01-31,1643587200,1.1229520162603452,1.3445739717370548,1.078678834163916,0.706800195359574,0.7864417443277889,0.008685758867977404,0.15720912303406062,3.0291197830897447
2022-02-01,1643673600,1.127269898850072,1.3523839147457182,1.085646665436267,0.7133150962440394,0.7880531147799361,0.008715394361005631,0.15720744245185758,3.0284660354531745
2022-02-02,1643760000,1.1298732847111197,1.3564379938282072,1.0880090522353145,0.712105146597526,0.7882767482007582,0.008743054965217198,0.15720778845113856,3.0278539813258973
2022-02-03,1643846400,1.1435694232407614,1.359915141295183,1.0863684657652706,0.7141847081627026,0.7886746322804528,0.008698448082042648,0.15720806030878492,3.0272264439995746
2022-02-04,1643932800,1.1449455234919923,1.3530573006236242,1.0807153903598026,0.7068801350423809,0.7838741411678941,0.008678669150386061,0.15720697288384086,3.026674374568653
2022-02-06,1644105600,1.1454294501365925,1.3532440643332229,1.080806497808665,0.7078693839412752,0.7844706196141189,0.008678709973637724,0.1572070964540996,3.0257370177119345
2022-02-07,1644192000,1.1433772161508893,1.3537020366447141,1.083305077125905,0.7126999568816526,0.7895464055899886,0.008690664035040896,0.15717583937006438,3.0254066506553503
2022-02-08,1644278400,1.1420153144253664,1.354673963843752,1.0808590667862816,0.7144000182886405,0.7870421382360812,0.0086532865857409,0.15706469950460222,3.025091870118881
2022-02-09,1644364800,1.142197931479546,1.353317319078391,1.0819009865855096,0.71769991531141,0.7888612787441329,0.008651194288287745,0.15716091942281082,3.024745674494777
2022-02-10,1644451200,1.1414183035556322,1.3551145410565828,1.0803044297883144,0.7161600073334785,0.7853824616242495,0.008617045536329051,0.15737882420706648,3.0243877982884744
2022-02-11,1644537600,1.1349398027928599,1.355899110259004,1.0799719207300609,0.713056710113212,0.7851820444570073,0.008650740537993013,0.15736621825687327,3.0240518112442407
2022-02-12,1644624000,1.1349398027928599,1.3562503475391516,1.0797480299997193,0.7136001484288308,0.7851820444570073,0.008628348057896905,0.15736621825687327,3.023751504700559
2022-02-13,1644710400,1.136693018999824,1.3570914815367703,1.0815078382280576,0.7148218306587083,0.7860708249813309,0.008651529374105108,0.15736631731344225,3.023492374265856
2022-02-14,1644796800,1.1305630769404702,1.3532165958483313,1.081554626620304,0.7130851844430485,0.7855768097725755,0.008655386188401186,0.15729700821090384,3.0232525074170518
2022-02-15,1644883200,1.135647404193946,1.354031968694781,1.080491191295563,0.7148116113998155,0.7858947608325769,0.008647525984756262,0.1577387581164478,3.023004799360944
2022-02-17,1645056000,1.136615500025574,1.3617948456065094,1.0871905040432615,0.7188349123740242,0.7870142646335465,0.008705567815655074,0.157795881874634,3.022730049267766
2022-02-18,1645142400,1.1322412489073872,1.3594196909223393,1.0851718858008514,0.7173997415926131,0.7839140830165015,0.008695765294477222,0.1580951682322304,3.0224875915887965
2022-02-20,1645315200,1.13166337541235,1.3592035067450474,1.0858706510880423,0.7171399312119378,0.7838772134732814,0.00869848878892663,0.15809531819686598,3.0221265395661145
2022-02-21,1645401600,1.1306781242049921,1.3594437156315635,1.0916196360540134,0.7185100401000453,0.7838741411678941,0.008723266166015741,0.15784559701545545,3.0219567600626758
2022-02-22,1645488000,1.1329326528184533,1.3589726167017733,1.0850929924694546,0.7228060487301382,0.7832601637797002,0.008689302787027831,0.15806775447841515,3.021747562048523
2022-02-23,1645574400,1.1305375140610603,1.3545179947715604,1.0896759739523856,0.7227700015756385,0.7852899486813019,0.00870409128238169,0.15838317387843331,3.0215253607411494
2022-02-24,1645660800,1.118941213066548,1.3372470095813749,1.0800419056259383,0.7160051495090353,0.7806248902246248,0.008653401077810525,0.1580177994409646,3.021353867809137
2022-02-25,1645747200,1.1272635451987592,1.3400999446538722,1.0797806749493044,0.722579899272362,0.7865685553488628,0.008653775126322616,0.15830038574638,3.0211676062691937
2022-02-26,1645833600,1.1272635451987592,1.3407503643489116,1.0802309101593557,0.7234000380508421,0.7865685553488628,0.008654633725515176,0.15830038574638,3.020943786865232
2022-02-27,1645920000,1.1182305120377514,1.337264892116155,1.078882493513219,0.7185379190423327,0.7839847593362784,0.008653625503037414,0.1583005110415398,3.0207092384183154
2022-02-28,1646006400,1.1215540252573966,1.3421917992081067,1.0896771613474077,0.7259997197641082,0.7894435607062362,0.008690060460052842,0.15849375146309544,3.0205021201024316
2022-03-01,1646092800,1.1132758140829389,1.3332089005026198,1.0886154770639607,0.7258000130644002,0.7855243571465043,0.008708449505501146,0.15841584158415842,3.0202576541134407
2022-03-02,1646179200,1.1113333777866683,1.3396475387325595,1.0864369214723393,0.7293600230477767,0.7907951445178126,0.008657035022641176,0.15820026318195785,3.020005506393775
2022-03-03,1646265600,1.1065631366196047,1.3350065415320533,1.0892059688487092,0.7334997399743423,0.7891569830528539,0.008659581102982448,0.15822281601487043,3.0198359959561047
2022-03-05,1646438400,1.0947686480154581,1.3227495730825753,1.0912789352609684,0.7371000126781202,0.7851635495673749,0.008709660337182307,0.15828535176703434,3.0196122228108684
2022-03-06,1646524800,1.0870746820306554,1.3209428890341925,1.086743897933013,0.7391939090421895,0.7858299149732032,0.00870015370909564,0.1582853768212909,3.0195177578019137
2022-03-07,1646611200,1.0864959419376568,1.3111297874265275,1.08047951680956,0.7328348102397542,0.7811309995742837,0.00866727641534067,0.15820772167591338,3.019391412028023
2022-03-08,1646697600,1.08965697598396,1.3097662722087244,1.0755290258395849,0.7268154942527064,0.7758854793032548,0.008641138089041864,0.15826037661854866,3.0192703308523234
2022-03-09,1646784000,1.1072480457071994,1.31837418096004,1.07939489122398,0.7315599345107547,0.7811248979655602,0.00862697373620507,0.15828550209269263,3.019162425011055
2022-03-10,1646870400,1.101382234704554,1.3104047447134997,1.0759178386101724,0.7366748413018224,0.7839909057054938,0.008607187204445331,0.1581803189199954,3.0190217407957216
2022-03-11,1646956800,1.091202723641998,1.3041244239030358,1.0667895608240736,0.7292818324227035,0.7835025698884291,0.008525848047987906,0.15773358293095496,3.0188493348173653
2022-03-12,1647043200,1.091202723641998,1.3041244239030358,1.069948984832403,0.7292818324227035,0.7835025698884291,0.008525848047987906,0.15773358293095496,3.0187683767895352
2022-03-13,1647129600,1.0937687991512355,1.3052359540295897,1.0700108071091516,0.7298124746846298,0.7853084495262627,0.008508248095647751,0.15773375709032955,3.0187073678026457
2022-03-14,1647216000,1.0944870686352839,1.3010414837077082,1.0656322929210047,0.7197662199317661,0.7799673193693184,0.008458592541967604,0.15709934286915872,3.0185492814430317
2022-03-15,1647302400,1.0969001601474233,1.3045888914255894,1.0628912768512908,0.7190850936536427,0.7830914885786106,0.008453298030557388,0.15697103664614429,3.0184041308679523
2022-03-16,1647388800,1.1022320198401763,1.3140863486139676,1.0620390086927893,0.7289559528365499,0.7882891760013243,0.008411563184125576,0.15742327071717793,3.0182711982258197
2022-03-18,1647561600,1.1062558769843465,1.3180996166966314,1.0729279882922098,0.7424682167918096,0.7931157552444779,0.008388344093901136,0.1572029445997959,3.018042632678827
2022-03-19,1647648000,1.1062558769843465,1.3180996166966314,1.072847412131115,0.7424682167918096,0.7931157552444779,0.008388344093901136,0.1572029445997959,3.017931457651891
2022-03-20,1647734400,1.1041793187213602,1.31593665080963,1.071817105129181,0.7409608335512993,0.7935626200263463,0.00838482819671491,0.1572030434509212,3.017803053131422
2022-03-21,1647820800,1.101684365225994,1.3168464162024782,1.0706924703552023,0.7395902669920863,0.7943032570405055,0.00836051364186683,0.15733267001879653,3.017743913414418
2022-03-22,1647907200,1.1028398125172318,1.3263215135981112,1.0710938545990094,0.7461044023890263,0.794562017551875,0.008238724761408179,0.15707478990461476,3.0176627745491538
2022-03-23,1647993600,1.1007760471132146,1.3205852833976017,1.0743792773724978,0.7497499583888774,0.7960484156646407,0.008254809458360678,0.15692682047273576,3.0175905376149914
2022-03-24,1648080000,1.1009214712714541,1.3195223329154846,1.0758009337952106,0.7512007944699602,0.7986550648707577,0.00817347293962951,0.15704005872041876,3.0175373778203314
2022-03-25,1648166400,1.098357954857488,1.3190001978500294,1.0759444640505438,0.7408005535261736,0.8015710793154583,0.008191011773432682,0.1570770104600723,3.017450744952125
2022-03-26,1648252800,1.098357954857488,1.3190506528641208,1.076072979269454,0.7513001248660808,0.8008008008008007,0.008190340901645145,0.1570770104600723,3.0173553748073325
2022-03-28,1648425600,1.0993480865846552,1.3103154584466212,1.070984877693527,0.7499400047996161,0.7987954165119001,0.008086624111562031,0.15693167195003294,3.017190336213503
2022-03-29,1648512000,1.109188517680465,1.3094747042224013,1.0738946938863174,0.7514288419429546,0.800073606771823,0.008121992456650774,0.15712889062917865,3.017019354658338
2022-03-30,1648598400,1.1161087982856568,1.3137324452502004,1.08317600201904,0.7501256460457126,0.8010991079761433,0.008192323108369245,0.15753742537846002,3.016843206206242
2022-04-01,1648771200,1.1048454100302287,1.311389417087404,1.0803219359369092,0.7500001875000468,0.7987832932876643,0.008162796195222739,0.1571560043651652,3.016565102037095
2022-04-02,1648857600,1.1048454100302287,1.3114496108273281,1.080205238995409,0.7500001875000468,0.7987832932876643,0.008162796195222739,0.1571560043651652,3.0164122496786914
2022-04-03,1648944000,1.1045452035124537,1.310332627937602,1.0797946662462667,0.7486133808652924,0.7982693520447669,0.00815570859271511,0.15715605376120012,3.0162126708046793
2022-04-04,1649030400,1.0975502678022653,1.3114066147349646,1.079562690745233,0.7543799298728417,0.800842486295583,0.008142595742269257,0.15714866939864391,3.016030495583612
2022-04-05,1649116800,1.090690952718547,1.307813531946615,1.0757025682398818,0.7588232169551459,0.8010541873105006,0.008085840773445601,0.157131285546043,3.0158718460619185
2022-04-06,1649203200,1.0897876003966827,1.3069930664017828,1.0716562983919797,0.7503496629429315,0.7958773552995483,0.008080840926569584,0.1572449922580428,3.0157142566580437
2022-04-07,1649289600,1.0863661053775122,1.3068820408269948,1.0699592880490898,0.7480007809128153,0.7944231494905761,0.00805710982575501,0.15721554912089783,3.0155494612636464
2022-04-08,1649376000,1.0875830641565247,1.303539631515417,1.0703784537098782,0.7445073966809861,0.7957475252251965,0.00804480596515283,0.15710662386663282,3.0153970233291942
2022-04-09,1649462400,1.0875830641565247,1.301830764604263,1.0690887942388942,0.7445073966809861,0.7957475252251965,0.00804480596515283,0.15710662386663282,3.0151778941371483
2022-04-10,1649548800,1.088459068496729,1.3031523254753246,1.07033148165987,0.7446154991716153,0.7950073538180229,0.008039208700044518,0.15710869722326087,3.014998478483137
2022-04-11,1649635200,1.0877605186442152,1.3023376961646154,1.0735373054213635,0.7414959681156734,0.7910923006941835,0.007969683261117244,0.15699319104831103,3.014828469979474
2022-04-12,1649721600,1.0825791365348807,1.3002041320487314,1.0721676012394257,0.7452997670192928,0.7914491830265808,0.007973402960277343,0.15708206862632831,3.0146480620796416
2022-04-14,1649894400,1.0820637119113572,1.3067283442445148,1.0603217016042665,0.7407945169353035,0.7928346773202506,0.007925060124261139,0.1567790066638917,3.0143305587692435
2022-04-15,1649980800,1.0814376632294973,1.305999631708104,1.0603228258875697,0.7395000240337507,0.7927762230555181,0.00790917082910509,0.15695620482408035,3.0141078357992552
2022-04-16,1650067200,1.0814376632294973,1.305999631708104,1.0603228258875697,0.7395000240337507,0.7927762230555181,0.00790917082910509,0.15695620482408035,3.0138943866552905
2022-04-17,1650153600,1.081484445549962,1.3056875750770354,1.0610890168798042,0.7393387354350269,0.7926662518379949,0.007897553005591886,0.15695625409459626,3.013702198188463
2022-04-18,1650240000,1.0781438675176813,1.300931466930322,1.0584261837703046,0.7357241917150099,0.7935972573278786,0.007867633734175898,0.15705490639527578,3.0135071662956685
2022-04-19,1650326400,1.0794123679069114,1.301320840653263,1.050271232545805,0.7393633342328921,0.7933768897245792,0.007731769513878677,0.15640885274106514,3.0132599465138226
2022-04-20,1650412800,1.0849517196484755,1.3068308046157262,1.0535198625367284,0.744500190964299,0.8007911816875073,0.007811493171762908,0.15578272484860647,3.0130316318515304
2022-04-21,1650499200,1.083482312151254,1.3025582243526284,1.0484927916120577,0.7360761986080799,0.7942906388876754,0.0077875859307541245,0.15503164505938952,3.012817496330551
2022-04-22,1650585600,1.0799369316831897,1.2839492223761535,1.0442751790409794,0.7245143037236413,0.7864701959254552,0.007783855412083533,0.15380583305545745,3.0126031285766905
2022-04-23,1650672000,1.0799369316831897,1.2839492223761535,1.0443962397557784,0.723900142318768,0.7851734134000836,0.007783855412083533,0.15380583305545745,3.0123484120781363
2022-04-24,1650758400,1.0810693938443907,1.2830300036566356,1.046245078724711,0.7234843003906815,0.786061556480488,0.007775535952530913,0.15381543808636366,3.0120920657045565
2022-04-25,1650844800,1.0713864812453797,1.273950264981655,1.043443781857643,0.7178147994748467,0.7851666319884738,0.00782794183839214,0.152452968259292,3.011839064739328
2022-04-27,1651017600,1.0554758084944693,1.2541386575699809,1.032279376090345,0.7125349142107963,0.7802442164397456,0.007788313453416613,0.15242738321356858,3.0112868970718285
2022-04-29,1651190400,1.0544630147097591,1.2573492061097113,1.0263210291126224,0.7066893089921268,0.7786191189924669,0.007704988918684937,0.1513201777588392,3.0108945758504597
2022-04-30,1651276800,1.0544630147097591,1.2573492061097113,1.027078936151638,0.7066893089921268,0.7786191189924669,0.007704988918684937,0.1513201777588392,3.0104225597022274
2022-05-01,1651363200,1.0535631505752454,1.2573081033507258,1.0264463912711,0.7065040765285215,0.7778771731943527,0.00769144991814682,0.15132024645225897,3.0100794552388246
2022-05-02,1651449600,1.0508727498187245,1.2497656689370742,1.0225963106770304,0.7048999711695911,0.7767201438485706,0.007685566268295586,0.1513201777588392,3.0097312639380642
2022-05-03,1651536000,1.0527423939362037,1.24998437519531,1.0216800506753305,0.7101753209814906,0.7791529827924064,0.007685153819083778,0.15132249047160107,3.0093205302407346
2022-05-04,1651622400,1.0621315067503767,1.2617659676483206,1.027495787267272,0.7252751875380317,0.7850618432467018,0.007738470466394442,0.15132020065663887,3.0090022601137707
2022-05-05,1651708800,1.0539406842182921,1.236353745533672,1.0148152883952828,0.7118496630459621,0.779566015599116,0.00767253433192493,0.15024934630265657,3.008764144838372
2022-05-06,1651795200,1.0548078140162862,1.2339494031386737,1.011199029248932,0.707799740803735,0.7765156809576613,0.007658842087236662,0.15000366008930618,3.008590814294842
2022-05-07,1651881600,1.0548078140162862,1.2339494031386737,1.011199029248932,0.707799740803735,0.7765156809576613,0.007658842087236662,0.15000366008930618,3.0084430045751596
2022-05-08,1651968000,1.0531803413357488,1.2325972673318584,1.0107339950271887,0.7044500816105419,0.7740627068198795,0.007648037439407084,0.15000150001500015,3.0082623304834555
2022-05-09,1652054400,1.0565463612543318,1.2338139038488825,1.007154827897383,0.6957054105009773,0.7687104114138121,0.0076698584885031345,0.14857072731759563,3.0081138141863697
2022-05-11,1652227200,1.0512152047767218,1.223376273840545,1.0054899752649464,0.6927352165109282,0.769523780208618,0.007701994490778744,0.1487719544632851,3.0079562120228416
2022-05-12,1652313600,1.037925809063168,1.220531785699029,0.996755560650084,0.687155348645445,0.7677808446357073,0.007776473300303229,0.14734145911657598,3.0079513408384946
2022-05-13,1652400000,1.0410702201863515,1.2262205185931818,0.9982211698752823,0.6940000916080121,0.7748694345002867,0.0077367619361215795,0.14729620869869545,3.0074155127137994
2022-05-14,1652486400,1.0410702201863515,1.2265002551120532,0.9983716558293424,0.6940000916080121,0.7748694345002867,0.007736043712979163,0.14729620869869545,3.0059504817601788
2022-05-15,1652572800,1.0400307849112334,1.2257981478189988,0.9976803930860749,0.694581913781547,0.7747343629553017,0.007725768411299947,0.14729770574985432,3.0044098663794654
2022-05-16,1652659200,1.0438631286665692,1.2324301674256384,0.9980786985053772,0.6972479622928303,0.7781223130463878,0.00775638894921205,0.14735789504551813,3.0029769287170196
2022-05-17,1652745600,1.0547521859739053,1.248361525497784,1.006046338494351,0.7030855612942962,0.7807315454580942,0.00772454262461713,0.14841864387510392,3.0018091007662644
2022-05-18,1652832000,1.0472849138608158,1.234494745990361,1.013048058999919,0.696134988927973,0.77627818083866,0.007817477778975762,0.14804953619041303,3.00078165239225
2022-05-20,1653004800,1.0562450488513333,1.24884949740052,1.0257020417624843,0.7036386562190399,0.7788465282916002,0.007816466856929893,0.1494089159172938,2.9999002091915323
2022-05-21,1653091200,1.0562450488513333,1.24884949740052,1.0257020417624843,0.7036386562190399,0.7788465282916002,0.007816466856929893,0.1494089159172938,2.9992985139665107
2022-05-22,1653177600,1.056948378641187,1.2503454079189376,1.0255884313624941,0.7062496027345985,0.7803659916500839,0.007818211142159573,0.14940902753249796,2.998673095965567
2022-05-23,1653264000,1.0681706509431945,1.2566760917373545,1.0351806131374772,0.7088629130012547,0.7820106275244282,0.007821819208723492,0.1503579195094964,2.998053899924869
2022-05-25,1653436800,1.0686272414456388,1.258459997332065,1.0399280369798412,0.7089252268206264,0.7799794865395041,0.007864386395171482,0.14941422898597195,2.9969005963502933
2022-05-26,1653523200,1.073260780904544,1.2616704516780215,1.043160777154779,0.7098441182316363,0.7828615939844915,0.00787113373551311,0.1483921928493067,2.996423921303602
2022-05-27,1653609600,1.0735315430405634,1.2629100984817296,1.0439753747088614,0.7161000047978701,0.7860183063663553,0.0078681276625744,0.14928483606435014,2.995898379456458
2022-05-28,1653696000,1.0735315430405634,1.2629100984817296,1.0439753747088614,0.7161000047978701,0.7860183063663553,0.0078681276625744,0.14928483606435014,2.9953100174124305
2022-05-29,1653782400,1.0731110562632127,1.2627697591898068,1.043943769012826,0.7161015431988256,0.7858947608325769,0.00785616900643282,0.14928496978024358,2.994801001452255
2022-05-30,1653868800,1.0773191989054436,1.2646461836139795,1.0435363359352172,0.7195098698766401,0.7901546727771961,0.007825491599925592,0.15012091489089888,2.9943425729316555
2022-05-31,1653955200,1.0733759821390236,1.2608432519669155,1.042079156332715,0.718225695242473,0.7911548883482663,0.007767744139518628,0.1498644176613418,2.993896108833339
2022-06-01,1654041600,1.0652463382157122,1.2482524465747953,1.0380949711565313,0.717324094199,0.7894653740486942,0.007684916871293589,0.14956185107917103,2.9934700295258567
2022-06-02,1654128000,1.0750722986120815,1.2578695463493481,1.0443438857320695,0.7266998235572828,0.7955101407655194,0.007696955291534766,0.15014345456366285,2.9930937111077265
2022-06-04,1654300800,1.071983705847671,1.24884949740052,1.0397636825102392,0.7206999437854044,0.7941234862021045,0.007642628257058884,0.15014329676243007,2.9927196240088167
2022-06-05,1654387200,1.072570092455542,1.249169302413895,1.039149975320188,0.7204584997892659,0.794562017551875,0.007650494912811058,0.1501434094775625,2.9922834498891824
2022-06-06,1654473600,1.0691070817653094,1.2522697389017592,1.02947383592246,0.7188245780499727,0.7947546195112258,0.007565584386619036,0.15028784631204145,2.9918363282210247
2022-06-08,1654646400,1.0717309526616436,1.2539656664200534,1.0215652422641972,0.7186127898704341,0.7965271416623522,0.007438622069647818,0.14961777147920208,2.9909664831499723
2022-06-09,1654732800,1.0618867603958713,1.249295709543745,1.0197858857554267,0.7097836579410596,0.7872094213223544,0.007439839763111931,0.14942548143769427,2.990542867798943
2022-06-10,1654819200,1.0517846155464283,1.2320247587695523,1.012335305699954,0.707009075875507,0.7834381181816402,0.007439090217120263,0.14905564306777977,2.9901978340437374
2022-06-11,1654905600,1.0517846155464283,1.2316499552295241,1.0122871413213588,0.7051997196125915,0.7825797742257351,0.007439643658923882,0.14905564306777977,2.989739986798784
2022-06-13,1655078400,1.0414822375204391,1.2144028174145365,1.003238453728636,0.6941238941738711,0.7757620892824588,0.007449915244176746,0.1480472786023271,2.989239819568051
2022-06-14,1655164800,1.0439524876343829,1.2011651301762711,1.0002970882352058,0.6888010591005085,0.772484115795369,0.007391035551930532,0.1483457226736053,2.9886791327530418
2022-06-15,1655251200,1.0455854337402055,1.2173743669653292,1.0053585611308273,0.7016573849088933,0.7767563431864876,0.007456017326591305,0.1489579941435675,2.9879974998380905
2022-06-16,1655337600,1.054652070282014,1.2353151906708997,1.0342866008170863,0.7040349651925114,0.7719414713976387,0.007550816827354719,0.14915573379997202,2.986820924500352
2022-06-17,1655424000,1.0495337970873337,1.2225506808384743,1.030027357526616,0.6918825570872298,0.76716826685181,0.007409739883748888,0.14888254715408034,2.984971135405719
2022-06-18,1655510400,1.0495337970873337,1.2225506808384743,1.030027357526616,0.6931001190052904,0.76716826685181,0.007407818733401671,0.14888254715408034,2.982971013702443
2022-06-19,1655596800,1.0491087820896148,1.2227480038638836,1.0313265437669203,0.6950497169062503,0.7691627279125308,0.007392103070990824,0.14888254715408034,2.9806985353977287
2022-06-20,1655683200,1.0519118497869877,1.2250893396400933,1.033802231565497,0.6969151052864495,0.7702736011831403,0.007402527770767995,0.14942092666973775,2.978826586325956
2022-06-23,1655942400,1.0519782450898916,1.226023576433375,1.0401065069063071,0.6903145418209807,0.7699563049796924,0.007416087525851553,0.14929158901637893,2.9747914055282183
2022-06-24,1656028800,1.0556875164951174,1.226450615126306,1.0425332724493903,0.6949308960716946,0.7756898791863014,0.007395881610720951,0.1494812105108012,2.972275554302159
2022-06-25,1656115200,1.0556875164951174,1.226450615126306,1.0425332724493903,0.6949308960716946,0.7756898791863014,0.007395881610720951,0.1494812105108012,2.969601981038019
2022-06-27,1656288000,1.0580555055918233,1.2266898265705923,1.0456258855144218,0.6922163729938705,0.7769102280231519,0.007383330857702497,0.14943662392779222,2.966858475409531
2022-06-28,1656374400,1.0523214210548468,1.218910172414844,1.0451832728869006,0.6904298823576523,0.7767804779530282,0.007350294367896478,0.14906901925405266,2.964191710237232
2022-06-29,1656460800,1.0446264415844893,1.2129739695786128,1.0479653752240026,0.6879377003618553,0.7761655095332529,0.007321195771783949,0.14923595667262318,2.96105487054797
2022-06-30,1656547200,1.0477347973680902,1.2160198454438778,1.0469121326647053,0.6897450771169483,0.7767352264959919,0.0073643395496067144,0.14927157709451533,2.95726326397721
2022-07-01,1656633600,1.04285726204083,1.2104998759237628,1.0424028636891471,0.6814997355781026,0.7756898791863014,0.007395080082801232,0.14923054492578094,2.9540897841122407
2022-07-02,1656720000,1.04285726204083,1.2104998759237628,1.0427256849404345,0.6814997355781026,0.7756898791863014,0.007395080082801232,0.14923054492578094,2.951253490838166
2022-07-03,1656806400,1.0433621301281248,1.2101995619077583,1.0431847177611586,0.6815447894196986,0.7758854793032548,0.007404856845605032,0.14922039060824768,2.9486570439139133
2022-07-04,1656892800,1.0432859333757603,1.211379700910352,1.0406801885712502,0.687344273563021,0.7777319780057397,0.0073614122133190026,0.1492515482609359,2.9460528500344014
2022-07-05,1656979200,1.027078936151638,1.195864699867857,1.0328177851222597,0.6799876242252391,0.7676659117951867,0.007367949255695661,0.14881180470474473,2.943697468626195
2022-07-07,1657152000,1.0163686165698576,1.2021976172443225,1.0267362109326872,0.6839000356995819,0.7708970929470624,0.00735445267872664,0.14920928033976744,2.939132685940968
2022-07-08,1657238400,1.0185892538833714,1.203499777352541,1.0237426392904234,0.6874255432208499,0.7721858651377387,0.007346726709994722,0.14936064681524266,2.9371884472772996
2022-07-10,1657411200,1.0185892538833714,1.202949632498887,1.0238390688797974,0.685699866425666,0.771125959569866,0.007348057689747884,0.14936064681524266,2.935262922928524
2022-07-11,1657497600,1.008140736446808,1.1881282227978043,1.0208039852187583,0.67366015731312,0.7696481553457838,0.007276113443630966,0.14890254358302998,2.9332770599098286
2022-07-12,1657584000,1.0021998286238294,1.1873805198351914,1.0171077523952887,0.6722666478432004,0.7679813226942321,0.00728974461159756,0.14853109431620518,2.931607638180139
2022-07-13,1657670400,1.0032354342755387,1.186309982798505,1.0194459311364275,0.6732148026470806,0.7691420220743761,0.007265911689033977,0.1488382726306361,2.9297644401172387
2022-07-14,1657756800,1.0025313917642047,1.1839013099867994,1.0170829248050253,0.6754543274670125,0.7627474161931276,0.007195771764511174,0.1480121962049673,2.928128011423096
2022-07-15,1657843200,1.008694950473078,1.1854999134585062,1.0241672751927229,0.6787345672727766,0.7671153012653567,0.007218574628338691,0.14798582414193379,2.9266561111432248
2022-07-16,1657929600,1.008694950473078,1.1854493208560841,1.0236158410693101,0.6793999811126805,0.7671153012653567,0.007218574628338691,0.14798582414193379,2.9250891123332035
2022-07-17,1658016000,1.0095890770538576,1.1887765230902008,1.0249524678293045,0.681292193277145,0.7686365540486009,0.0072297429542973815,0.14798376558897983,2.9237090165645467
2022-07-18,1658102400,1.0144817266478987,1.1947645417779291,1.0228086325048584,0.6809850585068313,0.7703003015725681,0.007234215728002458,0.14829534500912017,2.9225136352191097
2022-07-19,1658188800,1.0230964012584085,1.2002784646037878,1.0321035819154811,0.6896085643866828,0.776901174286125,0.007236177838419521,0.14826462923390035,2.9213575497346023
2022-07-21,1658361600,1.0220716370010374,1.1995441732141785,1.0347649996947443,0.6922748358789433,0.7763673770428166,0.007293866169999116,0.1477846853981785,2.9190750533019916
2022-07-22,1658448000,1.0214087269161627,1.2004499286332517,1.0317468505927385,0.6930314303614298,0.7743234348987572,0.007338477899880264,0.1481195336486107,2.918032617502055
2022-07-23,1658534400,1.0214087269161627,1.2004499286332517,1.0328337860588095,0.6925999161954102,0.774143603638475,0.007343327896333358,0.1481195336486107,2.9169948169341473
2022-07-24,1658620800,1.01998663817504,1.198603866216631,1.0382081358142354,0.690433695926096,0.7736734401776354,0.007335922914122019,0.1481152336517811,2.9158657738388873
2022-07-25,1658707200,1.0223380872054388,1.205443784129127,1.036978658979198,0.6950864339980676,0.7781344227215252,0.00732952458497355,0.14812501870078362,2.9146116259465753
2022-07-26,1658793600,1.012919791946275,1.2036229049438811,1.0391445761848845,0.6947025457374788,0.7767261768372486,0.007300682515255961,0.14785688104485137,2.9135546864903383
2022-07-27,1658880000,1.0207727249527891,1.2162416915489447,1.0435472257297003,0.6994802162513037,0.7801620396556365,0.007346891605467366,0.1479617820635401,2.9126420085526257
2022-07-28,1658966400,1.0191965673459613,1.2172780445645492,1.0476469848719776,0.6998885077607138,0.7806705960420001,0.007440559287793832,0.14820736522429778,2.911639949538813
2022-07-29,1659052800,1.022547164987985,1.2175003500313508,1.0502204937926718,0.6987407294573719,0.7807284977612611,0.007504969790995598,0.14827546734944555,2.9107490641649423
2022-07-30,1659139200,1.022547164987985,1.2175003500313508,1.0502204937926718,0.6987407294573719,0.7807284977612611,0.007504969790995598,0.14827546734944555,2.909708636607532
2022-07-31,1659225600,1.0206685378923193,1.2166782251098052,1.0491803278688525,0.6970875681403097,0.7802594362625573,0.007495661941868609,0.14827555529195457,2.9087782494017387
2022-08-01,1659312000,1.0260988235776989,1.2253625541457078,1.0522970592506382,0.7023601407810667,0.778588807785888,0.007600230086325542,0.14773660867364585,2.907830494070034
2022-08-03,1659484800,1.0157285567005074,1.2137689954847792,1.0403229162331986,0.6936501187182178,0.7779528171616391,0.0074645245670753035,0.1479734298909288,2.905996113226456
2022-08-04,1659571200,1.0247424053778482,1.215768517674235,1.0480367651297209,0.6959102053143879,0.7769554998737448,0.007540084863051927,0.14816351325322627,2.90508149861181
2022-08-05,1659657600,1.0180241169913316,1.207249776356979,1.0385510136257892,0.691000001382,0.7733473566987348,0.0074116620308203,0.14788077969845334,2.9041275529437875
2022-08-06,1659744000,1.0180241169913316,1.207249776356979,1.0399258740836954,0.691000001382,0.7733473566987348,0.007407935017001396,0.14788077969845334,2.9031957509621913
2022-08-07,1659830400,1.0170508576281356,1.2058944118852952,1.0391877708383126,0.6902097202234899,0.772487099465439,0.007404006445602234,0.14788740621904994,2.9022858161133738
2022-08-08,1659916800,1.0197266112955117,1.2084081035847427,1.0470272279430628,0.698740241219106,0.7776352113223686,0.007416030657989396,0.14812833186908478,2.9013249897343836
2022-08-09,1660003200,1.02077793486416,1.207144848931858,1.047943411055803,0.695507992082337,0.7759968649726655,0.007397078729394615,0.14808902223482623,2.9002644980446655
2022-08-10,1660089600,1.0299191513466193,1.2212248885632289,1.0610079575596818,0.7076129244085417,0.7826869643486088,0.007528137939998679,0.14872548948161285,2.8989109815802903
2022-08-11,1660176000,1.0315127133941926,1.2195419400473182,1.062112328999915,0.7102600617215994,0.783431980476875,0.007518967610859019,0.1482667175913419,2.897505702296091
2022-08-12,1660262400,1.0263515767326097,1.2141742704330354,1.0623887811744708,0.7126669422312176,0.7826869643486088,0.007494201137044177,0.1483040541582677,2.8962920486925694
2022-08-13,1660348800,1.0263515767326097,1.2141742704330354,1.0620333690884567,0.7126669422312176,0.7826869643486088,0.007494201137044177,0.1483040541582677,2.895313694289839
2022-08-14,1660435200,1.025483258985797,1.21275331384843,1.0617345557437186,0.7116323422666914,0.7824634296154585,0.007502353919809995,0.14830642955830192,2.894192260428073
2022-08-17,1660694400,1.017863504504046,1.2044419820297254,1.0510605200647454,0.6930251866143571,0.7740806824295297,0.007410204677337495,0.1474703308128196,2.892053145562121
2022-08-18,1660780800,1.0089544709294993,1.1932177503072534,1.0452979883240214,0.6911098394690065,0.772340926731878,0.00736398596418384,0.147359979652534,2.890985229596662
2022-08-19,1660867200,1.004182419778377,1.1828650173585442,1.042698503727647,0.6872639677810652,0.769852573232226,0.0073067099036841195,0.14668985539900814,2.8898269006699797
2022-08-20,1660953600,1.004182419778377,1.1829503728659576,1.0432021298014682,0.687400026258681,0.7696748123917645,0.007304575007262208,0.14668985539900814,2.8884270801173595
2022-08-21,1661040000,1.003487117734126,1.1817467398561814,1.0427180740580084,0.687675142262795,0.769174560320592,0.007296899912072356,0.14669852763088773,2.8870117457888758
2022-08-22,1661126400,0.9939122872406511,1.1765882470600002,1.036698075162684,0.6878548901323777,0.7663539942370179,0.007270031597883734,0.14600880549904205,2.885568908695865
2022-08-23,1661212800,0.9966562183873106,1.183018946048421,1.0368496360657777,0.6920999558440227,0.7715751707110065,0.0073134433126013304,0.14630365997624908,2.884278632208507
2022-08-24,1661299200,0.99676052828308,1.179106237471996,1.0346504433477148,0.6905943807716426,0.7709499877033477,0.007294692147833618,0.14578111635971724,2.8828818115975183
2022-08-25,1661385600,0.9970934725275821,1.1823000228183906,1.0376350222572712,0.6963642820832433,0.7729020539872085,0.0073223626669280855,0.1460002785685315,2.8814254056675197
2022-08-26,1661472000,0.9965618615775574,1.1731994321714747,1.0343112056241706,0.6907417806908661,0.7671041205764941,0.00726403663212995,0.1455221947540995,2.879975507289955
2022-08-27,1661558400,0.9965618615775574,1.1749500646222535,1.035836847409838,0.6891000904099318,0.7671041205764941,0.007269288766971608,0.1455221947540995,2.878511873575137
2022-08-28,1661644800,0.9938332645931992,1.1693649763495935,1.0323081481114438,0.6866551995248347,0.7655824742859987,0.007237958960425272,0.14552236416797007,2.8770951808010414
2022-08-30,1661817600,1.0024710912399064,1.1659156226863863,1.0266993157049062,0.6857247870995967,0.7639331864035172,0.007207960367635388,0.14467799813683674,2.874283841668724
2022-08-31,1661904000,1.003869918535956,1.1597833524697585,1.021299194705585,0.6828152472644714,0.7609278754513253,0.007178907153241125,0.14512951866198712,2.8729526094017013
2022-09-01,1661990400,0.9951981688353693,1.1548277574399777,1.0190148164754314,0.6795200142427394,0.7606008746910058,0.0071386772433689434,0.14478097172644794,2.8716536145475353
2022-09-02,1662076800,0.9957679860592481,1.1509996431901106,1.019145670567277,0.6811000856142808,0.7614087584849488,0.0071321060024945255,0.144845457139505,2.870543255283078
2022-09-03,1662163200,0.9957679860592481,1.1509996431901106,1.0192516246870897,0.6811000856142808,0.7614087584849488,0.0071321060024945255,0.144845457139505,2.8694980308925007
2022-09-04,1662249600,0.990908415289717,1.1474140156622012,1.016880211511084,0.6789949516725343,0.7608410336786283,0.0071179189545348695,0.14492841840486564,2.8683413202662345
2022-09-06,1662422400,0.9897609232489891,1.151118887558707,1.0156718161227742,0.6729769471746745,0.7601527907109329,0.006985484456689346,0.14380006039602536,2.8671233396659246
2022-09-07,1662508800,0.9995352161245021,1.1519277510914514,1.023499549660198,0.6751250837999011,0.7615827212112213,0.006938190918060728,0.1435482456322934,2.8659475365727984
2022-09-08,1662595200,1.0010511036588416,1.152010027095276,1.0323113451016828,0.6765556551595826,0.7644324853228963,0.006951323551467906,0.14372770154540335,2.864640428479313
2022-09-09,1662681600,1.0151768945738795,1.1600995365402351,1.0427082888010002,0.6849080510941405,0.7671041205764941,0.007017295668981251,0.1443729766127328,2.862890233470591
2022-09-10,1662768000,1.015383053256841,1.1600995365402351,1.0427865759998498,0.6849080510941405,0.7660193802903214,0.007017295668981251,0.1443708922871872,2.8610403455788114
2022-09-11,1662854400,1.0071051266686473,1.1618706582345841,1.0416992197672843,0.6844997094298734,0.7677248474146865,0.0070126473094225435,0.14437303914342897,2.859311969427003
2022-09-12,1662940800,1.012919791946275,1.1689207354849267,1.0492959224360454,0.6893627875073676,0.7703359049713627,0.0070131882514144666,0.14437303914342897,2.8578134178858385
2022-09-13,1663027200,0.9980537950995559,1.1505626251236853,1.0410864778482825,0.6742701868065553,0.759641752949309,0.006924874460682121,0.14440226775097367,2.8565342204298085
2022-09-14,1663113600,0.9982530571499876,1.1544211443776804,1.0393908338201148,0.6751651960443421,0.7598120225056322,0.00699670110440618,0.1436372779529275,2.855290022732201
2022-09-15,1663200000,0.9987964502774158,1.1452169441718192,1.039495636717065,0.6686999603460924,0.7547454620929092,0.006975057779286127,0.14296941469608349,2.8538779473116036
2022-09-16,1663286400,1.0015323444870652,1.1414495724700626,1.0363231255505465,0.671227883880261,0.7537101381550684,0.006996602953361261,0.14318843999631145,2.8524886541228254
2022-09-17,1663372800,1.0016296514428977,1.1419553244237979,1.036763638625666,0.6720949535750411,0.7538152474210097,0.006996380912081799,0.143186389732734,2.8513566734824716
2022-09-18,1663459200,1.0021154657481945,1.1433144686446006,1.0377803952905527,0.6727750152888122,0.7543241632659219,0.007007069495477613,0.143186389732734,2.8503679149350347
2022-09-19,1663545600,1.00244998777011,1.1435903476400298,1.0366454154356501,0.6725148558531658,0.7547540068003337,0.006978950410802655,0.143186389732734,2.8493827811736807
2022-09-20,1663632000,0.997043765236075,1.1379995106602105,1.03745417046202,0.669404979301998,0.7481949796116869,0.006963618380788258,0.14248470818490583,2.84851681110765
2022-09-21,1663718400,0.9830376847496448,1.1255291393866542,1.0330365075101753,0.6609948898485065,0.7418672799436181,0.0069291664024344534,0.14186324893510352,2.84763889187144
2022-09-22,1663804800,0.9840098400984009,1.1263734716519958,1.0246983032020798,0.6645048110148317,0.7422940597917865,0.007027653373281702,0.1412808921266702,2.8468231305351965
2022-09-23,1663891200,0.9689640805015358,1.085849427431597,1.0187127342147917,0.6528237565176291,0.735948895708682,0.006976346501847783,0.14028385596551488,2.8460777708146123
2022-09-24,1663977600,0.9689640805015358,1.085849427431597,1.0192900644700966,0.6527998913740981,0.7351373604157937,0.006974643488308238,0.14028385596551488,2.8453112355093735
2022-09-25,1664064000,0.9688514266337258,1.0796093109825415,1.01784796404961,0.653035636154665,0.7362984070183964,0.0069679370377209275,0.14028391500422044,2.843868044528303
2022-09-26,1664150400,0.9622323791195574,1.0771393333584667,1.007825767081387,0.6474000414336026,0.7293254468941676,0.006922211646621095,0.13987962518974673,2.843189929813092
2022-09-27,1664236800,0.9595823897439835,1.0726218632514386,1.008348114036105,0.6436000411904026,0.728653193869112,0.006911134933793227,0.13931653259540153,2.8425743911732555
2022-09-28,1664323200,0.9707842480547911,1.083482312151254,1.0228400175928483,0.6504636179436895,0.733745698415843,0.0069252317355669515,0.13887926378435717,2.841884813834531
2022-09-29,1664409600,0.9829217348568621,1.1168242878011516,1.0256094684266124,0.6510997400158738,0.7312534048986665,0.006923553583112067,0.14035032564082556,2.8412187337359396
2022-09-30,1664496000,0.9804786696865408,1.1149999832750004,1.0129957221190655,0.6404000194681606,0.7229246640207624,0.006908985992998158,0.14052757706145874,2.840604615435108
2022-10-01,1664582400,0.9804786696865408,1.1149999832750004,1.0114291493880854,0.6404000194681606,0.7229246640207624,0.006908985992998158,0.14052757706145874,2.840006473713761
2022-10-02,1664668800,0.9792353151424054,1.1139082585158284,1.014487901724528,0.6418901353682107,0.725268349289237,0.006905147346798638,0.14052876195144423,2.839432601533522
2022-10-03,1664755200,0.9831729942041952,1.133335826672152,1.007445018688105,0.6501650443965201,0.7337349309188562,0.006919337867247922,0.14052856446839238,2.8388215179372858
2022-10-04,1664841600,0.9983975718971051,1.145062205504314,1.021690489083237,0.6513949296721464,0.7404007048614709,0.006954659003263001,0.1405281497557902,2.838239053257288
2022-10-05,1664928000,0.9910655441197603,1.135447536646569,1.0188227503120144,0.6512400913820097,0.7353346691913156,0.006922714715992652,0.1405281300076321,2.8376625699349862
2022-10-06,1665014400,0.9788710679972787,1.1161150268146636,1.0099224884490117,0.6414059618684156,0.7276696379843551,0.006894554490573641,0.14052945314649662,2.837084279229599
2022-10-07,1665100800,0.9740133245022792,1.109429708752513,1.005524350783203,0.6381425457292949,0.7277120006986034,0.00687781371359023,0.14052757706145874,2.8361433255833535
2022-10-08,1665187200,0.9740133245022792,1.1086499083146526,1.0052534545534966,0.6369000799309601,0.7279238882782416,0.0068792331361103055,0.14052757706145874,2.835754158197842
2022-10-09,1665273600,0.9734681262198772,1.1071867491889857,1.005393938479945,0.7359499789518306,0.7281862700478783,0.006873537178113715,0.1405283669858956,2.8353688667441457
2022-10-10,1665360000,0.9709727690686915,1.107553403456231,1.0003851482820887,0.6294462509551847,0.7258210851025222,0.006864572191417608,0.13977017869058264,2.8349603154601324
2022-10-11,1665446400,0.9699838497689014,1.0966896423146733,1.002307311430914,0.6266060696823545,0.7250448621508456,0.0068553487614465385,0.13955947215258205,2.8345053309752277
2022-10-12,1665532800,0.970765399979614,1.110463340828961,1.0025163159530421,0.6276951661195257,0.723780159014501,0.006814844000520054,0.1393708798483645,2.8340669755303174
2022-10-13,1665619200,0.9749429902086476,1.1303075001554175,0.9984872917529943,0.6298998333285042,0.7266992954650331,0.006788959175435829,0.13945832434408217,2.833633335620108
2022-10-14,1665705600,0.972337012008362,1.1171499271059673,0.9944262409196453,0.6198651917181052,0.7204143823527293,0.006721105831607801,0.13906192441400347,2.8332358253691425
2022-10-15,1665792000,0.972337012008362,1.1171499271059673,0.9936979674901772,0.6198651917181052,0.7204143823527293,0.006721105831607801,0.13906192441400347,2.8327939541140648
2022-10-16,1665878400,0.9739042359964746,1.1243282138921993,0.9962888241301153,0.6222000995520158,0.7217272376250844,0.006727799353718175,0.13906267860862784,2.832338570214094
2022-10-17,1665964800,0.984442849647028,1.13529929327619,1.00431756119558,0.6296840623185723,0.7291978094897803,0.006712558279605681,0.13895651439255993,2.8318964056716274
2022-10-18,1666051200,0.9862409524720622,1.1343205703363828,1.0063095609471384,0.6316042115368825,0.7284992551095116,0.006701447312246171,0.13884833360478183,2.8314290120395196
2022-10-19,1666137600,0.9766149549048043,1.1210133961100834,0.9950595294363485,0.6263501760983521,0.7260345084201852,0.006674475937002478,0.13833548929193396,2.8306153697599123
2022-10-20,1666224000,0.9778564408959121,1.122076289966955,0.996001055761119,0.6274352329980738,0.725797379145664,0.006658720903795113,0.13856555002694407,2.8302610895664233
2022-10-21,1666310400,0.986144667422711,1.1304506089172206,1.0020421619260054,0.6346007155757668,0.7335842191362779,0.006771625049161998,0.13804901402633202,2.829916511435999
2022-10-22,1666396800,0.986144667422711,1.1304506089172206,1.0021978198188628,0.6377998456524373,0.7322949391096758,0.006770708075233941,0.13804901402633202,2.829487674261204
2022-10-23,1666483200,0.9859502095144195,1.1343527383275103,1.0020240886590912,0.6371354390659594,0.7327607052675237,0.0067643208671567135,0.13804912837160838,2.829094370514269
2022-10-24,1666569600,0.9886160857723316,1.1307139214628725,1.0003961568781239,0.6329398346381389,0.7301481835738562,0.006716277389885894,0.13768371654612685,2.828719234519061
2022-10-25,1666656000,0.9963384561735621,1.1461580781221345,1.0052574967077816,0.6385500316720816,0.7343572721564768,0.00675751003649042,0.1368945070394578,2.8283735084923163
2022-10-26,1666742400,1.0091581098468603,1.1637514692362299,1.015166588837228,0.6493350484436413,0.7378603525496764,0.006842939089692162,0.1394123240773309,2.828012667835105
2022-10-27,1666828800,0.9967456255326359,1.1565373272422368,1.0096013084432955,0.6450551683432726,0.7371831494675695,0.006836392367110497,0.1383336904648109,2.8277283248172895
2022-10-28,1666915200,0.9964625579193862,1.1613498136614224,1.0036734448079971,0.6414936023843034,0.732853070287938,0.006781728179653948,0.13788341240487423,2.827451911896075
2022-10-29,1667001600,0.9964625579193862,1.1613498136614224,1.0036734448079971,0.6414936023843034,0.732853070287938,0.006781728179653948,0.13788341240487423,2.827118500640624
2022-10-30,1667088000,0.9954062003852222,1.159548008186409,1.0035978984660008,0.6399856643211193,0.7347727531567675,0.006767274152460664,0.13788345042855554,2.8267180908517786
2022-10-31,1667174400,0.9886649562762923,1.1468166091155865,0.9984922766622402,0.6408797997891506,0.7345325801925945,0.006723866012096518,0.13693194126496083,2.825885863163983
2022-11-01,1667260800,0.9878836075533581,1.148963060837594,1.000096009216885,0.6395800261716147,0.734159948491338,0.006761829728134211,0.1374079366824228,2.8255609627866227
2022-11-02,1667347200,0.9816191808387935,1.1384309234268593,0.9968439919215762,0.6339698813588764,0.729181857955374,0.006761966120629337,0.13717980005495423,2.8253057358519733
2022-11-03,1667433600,0.9749677041947986,1.1171436870210245,0.9866603520404136,0.6288548804169559,0.7276484584767408,0.006739475330362846,0.13695255100832002,2.8250031232262134
2022-11-04,1667520000,0.9983527180152749,1.1379995106602105,1.0019628452137739,0.6463079657456778,0.7417572228609576,0.006821047898489711,0.13917683028665973,2.8247331231166672
2022-11-05,1667606400,0.9983527180152749,1.1377496222671255,1.001893578864053,0.6467000191423206,0.7418672799436181,0.006820334021084449,0.13917805061933536,2.824427658027847
2022-11-06,1667692800,0.993004284813489,1.1331380558750375,1.0033511929845684,0.6440539330763558,0.7400418123623985,0.006811293123999591,0.13917694650789733,2.824115194485627
2022-11-07,1667779200,1.001828336714504,1.1517287448460138,1.011132569591199,0.6474440527407925,0.7410618675500124,0.006820096188181404,0.1383164317569548,2.823847691931593
2022-11-08,1667865600,1.007927348596713,1.155087873309962,1.0155325706683729,0.65081498306254,0.7451148408248421,0.006880299981079175,0.13794437227654702,2.8235597809962525
2022-11-09,1667952000,1.0014450852580274,1.1362745421097664,1.0161981992967908,0.6426499800457182,0.7390682566488429,0.006835783260964605,0.13802923514412047,2.823271988642703
2022-11-10,1668038400,1.0194199500484225,1.1701038467163962,1.0364090499238239,0.6608048867842987,0.7502522723265698,0.007058171437408259,0.13914019153482207,2.823044606869003
2022-11-10,1668038400,1.0194199500484225,1.1701038467163962,1.0364090499238239,0.6608048867842987,0.7502522723265698,0.007058171437408259,0.13914019153482207,2.8225814250249237
2022-11-11,1668124800,1.0371830109422806,1.1811995553964874,1.0608908937369246,0.6703086771458256,0.7536022186049315,0.007204413400595081,0.14068053364065464,2.8214577064736908
2022-11-12,1668211200,1.0372905969607384,1.1837499541296892,1.0631850898922992,0.6703001402938195,0.7958551861903208,0.007203830363049998,0.1406825127697517,2.820465393201838
2022-11-13,1668297600,1.0328177851222597,1.179843552744906,1.059198610331423,0.6698462033117196,0.753829453624412,0.007165402724258888,0.1406825523529016,2.820141378842512
2022-11-14,1668384000,1.0318905783230747,1.1750453273735035,1.0599923892546452,0.6691751813632035,0.7504436998375289,0.007136765403816029,0.14136239706520357,2.819824833144441
2022-11-15,1668470400,1.0358239720741858,1.1884247430031494,1.06041165180323,0.677075116744677,0.7534744590995226,0.007200356360036971,0.14195475674774838,2.819524593937615
2022-11-16,1668556800,1.0394254056357644,1.1915187693994151,1.0588621467371162,0.6739448214416893,0.7498865796548273,0.0071781066197626215,0.14107958045190047,2.8191395692836694
2022-11-17,1668643200,1.0361352156456418,1.185930124997035,1.0494390748145115,0.6688900572168556,0.7505845176931535,0.007121568637728382,0.13971946287926323,2.8187924368613984
